Workbook

Sheet Produits
A1: SAM'S CLUB × BENCH DAKAR — Prix alignés marché local −5% (21/07/2026)
A2: Taux F CFA / USD : | B2: 580 | C2: Cellules jaunes modifiables — tout se recalcule.
A3: Remise vs prix Dakar : | B3: 0.05 | C3: Prix YARAM = prix Dakar × (1 − remise), arrondi au 100 F. Si introuvable à Dakar : prix $ × coef (couvre fret + douane + marge), arrondi au 100 F.
A4: Coef. estimation si introuvable (F CFA par $) : | B4: 1100 | C4: Bench réalisé sur : Univers Cosmetix, Fabellashop, Pharmec, Nubian Beauty, Miftah, Sengarmi, Lunéa, Poudrine, Jumia, etc.
A6: Catégorie | B6: Produit | C6: Prix $ | D6: Prix Dakar (F) | E6: Source Dakar | F6: Match | G6: PRIX YARAM (F) | H6: Note /5 | I6: Avis | J6: Image | K6: Sam's Club
A7: cheveux | B7: Being CURL POWER Shampoo & Conditioner Duo, 12 fl. oz., 2 pk. | C7: 9.96 | F7: introuvable | G7: =IF(ISNUMBER(D7),ROUND(D7*(1-$B$3)/100,0)*100,IF(ISNUMBER(C7),ROUND(C7*$B$4/100,0)*100,"")) -> 11000 | H7: 4.6 | I7: 114 | J7: Image | K7: Produit
A8: cheveux | B8: Being NOURISH + SHINE Shampoo & Conditioner Duo, 12 fl. oz., 2 pk. | C8: 9.96 | F8: introuvable | G8: =IF(ISNUMBER(D8),ROUND(D8*(1-$B$3)/100,0)*100,IF(ISNUMBER(C8),ROUND(C8*$B$4/100,0)*100,"")) -> 11000 | H8: 4.6 | I8: 110 | J8: Image | K8: Produit
A9: cheveux | B9: Davines This is a Medium Hair Spray Flexible Hold Styling, 12 fl. oz. | C9: 34.98 | F9: introuvable | G9: =IF(ISNUMBER(D9),ROUND(D9*(1-$B$3)/100,0)*100,IF(ISNUMBER(C9),ROUND(C9*$B$4/100,0)*100,"")) -> 38500 | J9: Image | K9: Produit
A10: cheveux | B10: Garnier Fructis Sleek & Shine Shampoo & Conditioner, 40 fl. oz., 2 pk. | C10: 17.78 | D10: 5000 | E10: Voir | F10: similaire | G10: =IF(ISNUMBER(D10),ROUND(D10*(1-$B$3)/100,0)*100,IF(ISNUMBER(C10),ROUND(C10*$B$4/100,0)*100,"")) -> 4800 | H10: 4.56 | I10: 482 | J10: Image | K10: Produit
A11: cheveux | B11: Hairmax Pro 12 LaserComb Hair Growth Bundle | C11: 171.75 | F11: introuvable | G11: =IF(ISNUMBER(D11),ROUND(D11*(1-$B$3)/100,0)*100,IF(ISNUMBER(C11),ROUND(C11*$B$4/100,0)*100,"")) -> 188900 | H11: 1 | I11: 1 | J11: Image | K11: Produit
A12: cheveux | B12: MONDAY Haircare ORIGINAL Dry Shampoo Trio, 5.1 oz., 3 pk. | C12: 14.98 | F12: introuvable | G12: =IF(ISNUMBER(D12),ROUND(D12*(1-$B$3)/100,0)*100,IF(ISNUMBER(C12),ROUND(C12*$B$4/100,0)*100,"")) -> 16500 | H12: 4.35 | I12: 156 | J12: Image | K12: Produit
A13: cheveux | B13: MONDAY Haircare SMOOTH Shampoo and Conditioner Set | C13: 21.87 | F13: introuvable | G13: =IF(ISNUMBER(D13),ROUND(D13*(1-$B$3)/100,0)*100,IF(ISNUMBER(C13),ROUND(C13*$B$4/100,0)*100,"")) -> 24100 | H13: 4.5 | I13: 281 | J13: Image | K13: Produit
A14: cheveux | B14: MONDAY Haircare ULTIMATE MOISTURE Gift Set | C14: 24 | F14: introuvable | G14: =IF(ISNUMBER(D14),ROUND(D14*(1-$B$3)/100,0)*100,IF(ISNUMBER(C14),ROUND(C14*$B$4/100,0)*100,"")) -> 26400 | H14: 4.4 | I14: 330 | J14: Image | K14: Produit
A15: cheveux | B15: Member's Mark Minoxidil 5% 120 Day Foam, 8.44 oz. | C15: 32.98 | F15: introuvable | G15: =IF(ISNUMBER(D15),ROUND(D15*(1-$B$3)/100,0)*100,IF(ISNUMBER(C15),ROUND(C15*$B$4/100,0)*100,"")) -> 36300 | H15: 3.71 | I15: 14 | J15: Image | K15: Produit
A16: cheveux | B16: Member's Mark Minoxidil 5%, Hair Regrowth Treatment for Men, 2 fl. oz., 6 ct. | C16: 19.98 | F16: introuvable | G16: =IF(ISNUMBER(D16),ROUND(D16*(1-$B$3)/100,0)*100,IF(ISNUMBER(C16),ROUND(C16*$B$4/100,0)*100,"")) -> 22000 | H16: 4.51 | I16: 676 | J16: Image | K16: Produit
A17: cheveux | B17: Men's Rogaine 5% Minoxidil Topical Hair Growth Treatment, 2 pack | C17: 91.98 | F17: introuvable | G17: =IF(ISNUMBER(D17),ROUND(D17*(1-$B$3)/100,0)*100,IF(ISNUMBER(C17),ROUND(C17*$B$4/100,0)*100,"")) -> 101200 | H17: 3.72 | I17: 648 | J17: Image | K17: Produit
A18: cheveux | B18: Mielle Rosemary Mint Scalp & Hair Strengthening Oil, 2 oz., 3 pk. | C18: 26.98 | D18: 9500 | E18: Voir | F18: similaire | G18: =IF(ISNUMBER(D18),ROUND(D18*(1-$B$3)/100,0)*100,IF(ISNUMBER(C18),ROUND(C18*$B$4/100,0)*100,"")) -> 9000 | H18: 4.67 | I18: 12 | J18: Image | K18: Produit
A19: cheveux | B19: Monday DEEP MOISTURE Hair Mask Duo, 8.4 fl. oz., 2 pk. | C19: 9.96 | F19: introuvable | G19: =IF(ISNUMBER(D19),ROUND(D19*(1-$B$3)/100,0)*100,IF(ISNUMBER(C19),ROUND(C19*$B$4/100,0)*100,"")) -> 11000 | H19: 4.44 | I19: 280 | J19: Image | K19: Produit
A20: cheveux | B20: NatureWell Living For Good Shampoo & Conditioner, 24 fl. oz., 2 pk. | C20: 27.98 | F20: introuvable | G20: =IF(ISNUMBER(D20),ROUND(D20*(1-$B$3)/100,0)*100,IF(ISNUMBER(C20),ROUND(C20*$B$4/100,0)*100,"")) -> 30800 | H20: 3.3 | I20: 40 | J20: Image | K20: Produit
A21: cheveux | B21: Nexxus Fullology Densifying Leave In Spray, 8 fl. oz. | C21: 16.98 | F21: introuvable | G21: =IF(ISNUMBER(D21),ROUND(D21*(1-$B$3)/100,0)*100,IF(ISNUMBER(C21),ROUND(C21*$B$4/100,0)*100,"")) -> 18700 | H21: 3.87 | I21: 93 | J21: Image | K21: Produit
A22: cheveux | B22: Nexxus Therappe Ultimate Moisturizing Shampoo, 42 fl. oz. | C22: Prix membre | F22: introuvable | G22: =IF(ISNUMBER(D22),ROUND(D22*(1-$B$3)/100,0)*100,IF(ISNUMBER(C22),ROUND(C22*$B$4/100,0)*100,"")) | H22: 4.7 | I22: 1150 | J22: Image | K22: Produit
A23: cheveux | B23: Pantene Pro-V Ultimate Care 3-in-1 Conditioner, 38.2 fl. oz. | C23: 7.98 | F23: introuvable | G23: =IF(ISNUMBER(D23),ROUND(D23*(1-$B$3)/100,0)*100,IF(ISNUMBER(C23),ROUND(C23*$B$4/100,0)*100,"")) -> 8800 | H23: 4.76 | I23: 2009 | J23: Image | K23: Produit
A24: cheveux | B24: Pantene Pro-V Ultimate Care 3-in-1 Shampoo, 38.2 fl. oz. | C24: 7.98 | F24: introuvable | G24: =IF(ISNUMBER(D24),ROUND(D24*(1-$B$3)/100,0)*100,IF(ISNUMBER(C24),ROUND(C24*$B$4/100,0)*100,"")) -> 8800 | H24: 4.77 | I24: 2258 | J24: Image | K24: Produit
A25: cheveux | B25: TRESemmé Ultimate Moisture Shampoo & Conditioner, 39 fl. oz., 2 pk. | C25: 11.98 | F25: introuvable | G25: =IF(ISNUMBER(D25),ROUND(D25*(1-$B$3)/100,0)*100,IF(ISNUMBER(C25),ROUND(C25*$B$4/100,0)*100,"")) -> 13200 | H25: 4.64 | I25: 455 | J25: Image | K25: Produit
A26: cheveux | B26: The LaserBand 41 ComfortFlex Hair Growth Bundle | C26: 494.25 | F26: introuvable | G26: =IF(ISNUMBER(D26),ROUND(D26*(1-$B$3)/100,0)*100,IF(ISNUMBER(C26),ROUND(C26*$B$4/100,0)*100,"")) -> 543700 | H26: 5 | I26: 2 | J26: Image | K26: Produit
A27: corps & bain | B27: Aquaphor Advanced Therapy Healing Ointment Dual Pack | C27: 16.97 | D27: 14500 | E27: Voir | F27: similaire | G27: =IF(ISNUMBER(D27),ROUND(D27*(1-$B$3)/100,0)*100,IF(ISNUMBER(C27),ROUND(C27*$B$4/100,0)*100,"")) -> 13800 | H27: 4.73 | I27: 71 | J27: Image | K27: Produit
A28: corps & bain | B28: Aveeno Daily Moisturizing Body Lotion Set | C28: 16.48 | D28: 16000 | E28: Voir | F28: similaire | G28: =IF(ISNUMBER(D28),ROUND(D28*(1-$B$3)/100,0)*100,IF(ISNUMBER(C28),ROUND(C28*$B$4/100,0)*100,"")) -> 15200 | H28: 4.76 | I28: 5729 | J28: Image | K28: Produit
A29: corps & bain | B29: Caress Daily Silk Hydrating Body Wash, White Peach & Orange Blossom, 30 fl. oz., 2 pk. | C29: 11.96 | F29: introuvable | G29: =IF(ISNUMBER(D29),ROUND(D29*(1-$B$3)/100,0)*100,IF(ISNUMBER(C29),ROUND(C29*$B$4/100,0)*100,"")) -> 13200 | H29: 4.69 | I29: 1572 | J29: Image | K29: Produit
A30: corps & bain | B30: CeraVe Daily Moisturizing Cream Multi-Pack | C30: 22.76 | D30: 14000 | E30: Voir | F30: similaire | G30: =IF(ISNUMBER(D30),ROUND(D30*(1-$B$3)/100,0)*100,IF(ISNUMBER(C30),ROUND(C30*$B$4/100,0)*100,"")) -> 13300 | H30: 4.84 | I30: 488 | J30: Image | K30: Produit
A31: corps & bain | B31: CeraVe Daily Moisturizing Lotion, Normal to Dry Skin, 12 fl. oz., 2 pk. | C31: Prix membre | D31: 10000 | E31: Voir | F31: similaire | G31: =IF(ISNUMBER(D31),ROUND(D31*(1-$B$3)/100,0)*100,IF(ISNUMBER(C31),ROUND(C31*$B$4/100,0)*100,"")) -> 9500 | H31: 4.77 | I31: 391 | J31: Image | K31: Produit
A32: corps & bain | B32: Dove Beauty Bar Soap, Original White, 3.75 oz., 16 ct. | C32: 18.48 | D32: 1000 | E32: Voir | F32: similaire | G32: =IF(ISNUMBER(D32),ROUND(D32*(1-$B$3)/100,0)*100,IF(ISNUMBER(C32),ROUND(C32*$B$4/100,0)*100,"")) -> 1000 | H32: 4.77 | I32: 103 | J32: Image | K32: Produit
A33: corps & bain | B33: Dove Beauty Bar Soap, Sensitive Skin, 3.75 oz., 16 ct. | C33: 18.48 | D33: 1000 | E33: Voir | F33: similaire | G33: =IF(ISNUMBER(D33),ROUND(D33*(1-$B$3)/100,0)*100,IF(ISNUMBER(C33),ROUND(C33*$B$4/100,0)*100,"")) -> 1000 | H33: 4.72 | I33: 8057 | J33: Image | K33: Produit
A34: corps & bain | B34: Dove Deep Moisture Body Wash with Pump, 30.6 fl. oz., 2 ct. | C34: 16.48 | D34: 7950 | E34: Voir | F34: similaire | G34: =IF(ISNUMBER(D34),ROUND(D34*(1-$B$3)/100,0)*100,IF(ISNUMBER(C34),ROUND(C34*$B$4/100,0)*100,"")) -> 7600 | H34: 4.8 | I34: 1348 | J34: Image | K34: Produit
A35: corps & bain | B35: Dove Men+Care Sandalwood Body Wash, 26 fl. oz., 2 pk. | C35: 14.98 | D35: 2000 | E35: Voir | F35: similaire | G35: =IF(ISNUMBER(D35),ROUND(D35*(1-$B$3)/100,0)*100,IF(ISNUMBER(C35),ROUND(C35*$B$4/100,0)*100,"")) -> 1900 | H35: 4.58 | I35: 214 | J35: Image | K35: Produit
A36: corps & bain | B36: Dove Pamper & Anti-Stress Body Wash, 30.6 fl. oz., 2 pk. | C36: 16.48 | D36: 9900 | E36: Voir | F36: similaire | G36: =IF(ISNUMBER(D36),ROUND(D36*(1-$B$3)/100,0)*100,IF(ISNUMBER(C36),ROUND(C36*$B$4/100,0)*100,"")) -> 9400 | H36: 4.57 | I36: 126 | J36: Image | K36: Produit
A37: corps & bain | B37: Dove Sensitive Skin Body Wash with Pump, 30.6 fl. oz., 2 ct. | C37: 16.48 | D37: 7950 | E37: Voir | F37: similaire | G37: =IF(ISNUMBER(D37),ROUND(D37*(1-$B$3)/100,0)*100,IF(ISNUMBER(C37),ROUND(C37*$B$4/100,0)*100,"")) -> 7600 | H37: 4.78 | I37: 1603 | J37: Image | K37: Produit
A38: corps & bain | B38: Irish Spring Body Wash for Men, Original Clean, 30 fl. oz., 2 pk. | C38: 10.96 | D38: 1400 | E38: Voir | F38: similaire | G38: =IF(ISNUMBER(D38),ROUND(D38*(1-$B$3)/100,0)*100,IF(ISNUMBER(C38),ROUND(C38*$B$4/100,0)*100,"")) -> 1300 | H38: 4.69 | I38: 1165 | J38: Image | K38: Produit
A39: corps & bain | B39: Member's Mark Aloe Vera Moisturizing Hand Soap, 80 fl. oz. | C39: 7.98 | F39: introuvable | G39: =IF(ISNUMBER(D39),ROUND(D39*(1-$B$3)/100,0)*100,IF(ISNUMBER(C39),ROUND(C39*$B$4/100,0)*100,"")) -> 8800 | H39: 4.56 | I39: 6383 | J39: Image | K39: Produit
A40: corps & bain | B40: Neutrogena Rainbath Refreshing Shower and Bath Gel, Original, 40 fl. oz. | C40: Prix membre | F40: introuvable | G40: =IF(ISNUMBER(D40),ROUND(D40*(1-$B$3)/100,0)*100,IF(ISNUMBER(C40),ROUND(C40*$B$4/100,0)*100,"")) | H40: 4.82 | I40: 2537 | J40: Image | K40: Produit
A41: corps & bain | B41: Nutrius Brazilian Body Butter Cream, 12 fl. oz. | C41: 16.98 | F41: introuvable | G41: =IF(ISNUMBER(D41),ROUND(D41*(1-$B$3)/100,0)*100,IF(ISNUMBER(C41),ROUND(C41*$B$4/100,0)*100,"")) -> 18700 | J41: Image | K41: Produit
A42: corps & bain | B42: O'Keeffe's Healthy Feet and Healthy Feet Night Treatment, 3 oz., 3 pk. | C42: 17.98 | F42: introuvable | G42: =IF(ISNUMBER(D42),ROUND(D42*(1-$B$3)/100,0)*100,IF(ISNUMBER(C42),ROUND(C42*$B$4/100,0)*100,"")) -> 19800 | H42: 5 | I42: 2 | J42: Image | K42: Produit
A43: corps & bain | B43: O'Keeffe's Healthy Feet and Lip Repair Variety Kit | C43: 16.98 | F43: introuvable | G43: =IF(ISNUMBER(D43),ROUND(D43*(1-$B$3)/100,0)*100,IF(ISNUMBER(C43),ROUND(C43*$B$4/100,0)*100,"")) -> 18700 | H43: 4.65 | I43: 115 | J43: Image | K43: Produit
A44: corps & bain | B44: O'Keeffe's Working Hands and Night Treatment, 3 oz., 3 pk. | C44: 16.98 | F44: introuvable | G44: =IF(ISNUMBER(D44),ROUND(D44*(1-$B$3)/100,0)*100,IF(ISNUMBER(C44),ROUND(C44*$B$4/100,0)*100,"")) -> 18700 | H44: 4.75 | I44: 345 | J44: Image | K44: Produit
A45: corps & bain | B45: Olay Fresh Outlast Body Wash with Vitamin B3 Complex, 35 oz., 2 pk. | C45: 15.98 | D45: 9900 | E45: Voir | F45: similaire | G45: =IF(ISNUMBER(D45),ROUND(D45*(1-$B$3)/100,0)*100,IF(ISNUMBER(C45),ROUND(C45*$B$4/100,0)*100,"")) -> 9400 | H45: 4.76 | I45: 489 | J45: Image | K45: Produit
A46: corps & bain | B46: Olay Indulgent Moisture Scrub + Bodywash Duo Pack | C46: 14.94 | D46: 11500 | E46: Voir | F46: similaire | G46: =IF(ISNUMBER(D46),ROUND(D46*(1-$B$3)/100,0)*100,IF(ISNUMBER(C46),ROUND(C46*$B$4/100,0)*100,"")) -> 10900 | H46: 4.64 | I46: 2062 | J46: Image | K46: Produit
A47: corps & bain | B47: Olay Super Serum Body Lotion, 18.5 fl. oz., 2 pk. | C47: 13.41 | F47: introuvable | G47: =IF(ISNUMBER(D47),ROUND(D47*(1-$B$3)/100,0)*100,IF(ISNUMBER(C47),ROUND(C47*$B$4/100,0)*100,"")) -> 14800 | H47: 4.75 | I47: 2198 | J47: Image | K47: Produit
A48: corps & bain | B48: Olay Super Serum Body Wash, 20 fl. oz., 2 pk. | C48: 19.98 | D48: 11500 | E48: Voir | F48: similaire | G48: =IF(ISNUMBER(D48),ROUND(D48*(1-$B$3)/100,0)*100,IF(ISNUMBER(C48),ROUND(C48*$B$4/100,0)*100,"")) -> 10900 | H48: 4.75 | I48: 1550 | J48: Image | K48: Produit
A49: déodorants | B49: Degree Antiperspirant Deodorant, Shower Clean, 2.6 oz., 5 pk. | C49: 12.98 | F49: introuvable | G49: =IF(ISNUMBER(D49),ROUND(D49*(1-$B$3)/100,0)*100,IF(ISNUMBER(C49),ROUND(C49*$B$4/100,0)*100,"")) -> 14300 | H49: 4.67 | I49: 2670 | J49: Image | K49: Produit
A50: déodorants | B50: Degree for Men Advanced Protection Antiperspirant, Adventure, 2.7 oz., 5 pk. | C50: 14.98 | F50: introuvable | G50: =IF(ISNUMBER(D50),ROUND(D50*(1-$B$3)/100,0)*100,IF(ISNUMBER(C50),ROUND(C50*$B$4/100,0)*100,"")) -> 16500 | H50: 4.73 | I50: 1615 | J50: Image | K50: Produit
A51: déodorants | B51: Dove Whole Body Cooling Deodorant Spray, 4 oz., 2 pk. | C51: 18.98 | D51: 5000 | E51: Voir | F51: similaire | G51: =IF(ISNUMBER(D51),ROUND(D51*(1-$B$3)/100,0)*100,IF(ISNUMBER(C51),ROUND(C51*$B$4/100,0)*100,"")) -> 4800 | H51: 4.38 | I51: 1437 | J51: Image | K51: Produit
A52: déodorants | B52: Gillette Supreme Maximum Strength Protection Men's Deodorant Clear Gel Antiperspirant, Cool Wave, 3.8 oz., 5 pk. | C52: 18.94 | F52: introuvable | G52: =IF(ISNUMBER(D52),ROUND(D52*(1-$B$3)/100,0)*100,IF(ISNUMBER(C52),ROUND(C52*$B$4/100,0)*100,"")) -> 20800 | H52: 4.62 | I52: 908 | J52: Image | K52: Produit
A53: déodorants | B53: Native Aluminum-Free Deodorant, Vanilla Variety Pack, 2.65 oz., 3 pk. | C53: 27.98 | F53: introuvable | G53: =IF(ISNUMBER(D53),ROUND(D53*(1-$B$3)/100,0)*100,IF(ISNUMBER(C53),ROUND(C53*$B$4/100,0)*100,"")) -> 30800 | H53: 4.74 | I53: 472 | J53: Image | K53: Produit
A54: déodorants | B54: Old Spice Fiji Antiperspirant Deodorant, Palm Tree + Coconut, 2.6 oz., 4 pk. | C54: 19.98 | D54: 14000 | E54: Voir | F54: similaire | G54: =IF(ISNUMBER(D54),ROUND(D54*(1-$B$3)/100,0)*100,IF(ISNUMBER(C54),ROUND(C54*$B$4/100,0)*100,"")) -> 13300 | H54: 4.66 | I54: 3643 | J54: Image | K54: Produit
A55: déodorants | B55: Old Spice High Endurance Deodorant, 48-Hr. Protection, Pure Sport, 3.0 oz., 5 pk. | C55: 13.48 | D55: 17500 | E55: Voir | F55: similaire | G55: =IF(ISNUMBER(D55),ROUND(D55*(1-$B$3)/100,0)*100,IF(ISNUMBER(C55),ROUND(C55*$B$4/100,0)*100,"")) -> 16600 | H55: 4.68 | I55: 1069 | J55: Image | K55: Produit
A56: déodorants | B56: Secret Clinical Strength Invisible Solid Antiperspirant Deodorant, Completely Clean, 1.6 oz., 3 pk. | C56: 18.96 | F56: introuvable | G56: =IF(ISNUMBER(D56),ROUND(D56*(1-$B$3)/100,0)*100,IF(ISNUMBER(C56),ROUND(C56*$B$4/100,0)*100,"")) -> 20900 | H56: 4.68 | I56: 4375 | J56: Image | K56: Produit
A57: déodorants | B57: Secret Dry Spray Women's Antiperspirant Deodorant, Vanilla, Wild Rose & Waterlily, 4.1 oz., 3 pk. | C57: 14.98 | E57: Voir | F57: similaire | G57: =IF(ISNUMBER(D57),ROUND(D57*(1-$B$3)/100,0)*100,IF(ISNUMBER(C57),ROUND(C57*$B$4/100,0)*100,"")) -> 16500 | H57: 4.62 | I57: 5155 | J57: Image | K57: Produit
A58: déodorants | B58: Secret Outlast Clear Gel Deodorant, Completely Clean, 2.6 oz., 4 pk. | C58: 18.98 | F58: introuvable | G58: =IF(ISNUMBER(D58),ROUND(D58*(1-$B$3)/100,0)*100,IF(ISNUMBER(C58),ROUND(C58*$B$4/100,0)*100,"")) -> 20900 | H58: 4.38 | I58: 10758 | J58: Image | K58: Produit
A59: hygiène bucco-dentaire | B59: Colgate Total Whitening Gel Toothpaste, 6 oz., 5 pk. | C59: 15.98 | D59: 18750 | E59: Voir | F59: similaire | G59: =IF(ISNUMBER(D59),ROUND(D59*(1-$B$3)/100,0)*100,IF(ISNUMBER(C59),ROUND(C59*$B$4/100,0)*100,"")) -> 17800 | H59: 4.67 | I59: 578 | J59: Image | K59: Produit
A60: hygiène bucco-dentaire | B60: Crest 3D White Deep Stain Remover Whitening Toothpaste, 2.1 oz., 4 pk. | C60: 15.97 | D60: 14000 | E60: Voir | F60: similaire | G60: =IF(ISNUMBER(D60),ROUND(D60*(1-$B$3)/100,0)*100,IF(ISNUMBER(C60),ROUND(C60*$B$4/100,0)*100,"")) -> 13300 | H60: 4.26 | I60: 505 | J60: Image | K60: Produit
A61: hygiène bucco-dentaire | B61: Crest Advantage Clean Breath Mouthwash, Spearmint, 33.8 fl. oz., 3 pk. | C61: 9.91 | F61: introuvable | G61: =IF(ISNUMBER(D61),ROUND(D61*(1-$B$3)/100,0)*100,IF(ISNUMBER(C61),ROUND(C61*$B$4/100,0)*100,"")) -> 10900 | H61: 4.8 | I61: 160 | J61: Image | K61: Produit
A62: hygiène bucco-dentaire | B62: Crest Complete + Scope Outlast Ultra Toothpaste, 6.3 oz., 5 pk. | C62: 11.48 | D62: 17500 | E62: Voir | F62: similaire | G62: =IF(ISNUMBER(D62),ROUND(D62*(1-$B$3)/100,0)*100,IF(ISNUMBER(C62),ROUND(C62*$B$4/100,0)*100,"")) -> 16600 | H62: 4.73 | I62: 5692 | J62: Image | K62: Produit
A63: hygiène bucco-dentaire | B63: Crest Gum Detoxify Ultra Toothpaste, 4.7 oz., 4 pk. | C63: 15.82 | D63: 8000 | E63: Voir | F63: similaire | G63: =IF(ISNUMBER(D63),ROUND(D63*(1-$B$3)/100,0)*100,IF(ISNUMBER(C63),ROUND(C63*$B$4/100,0)*100,"")) -> 7600 | H63: 4.86 | I63: 1072 | J63: Image | K63: Produit
A64: hygiène bucco-dentaire | B64: Crest Kid's Advanced Color Changing Toothpaste, Strawberry, 4.2 oz., 4 pk. | C64: 12.97 | D64: 17400 | E64: Voir | F64: similaire | G64: =IF(ISNUMBER(D64),ROUND(D64*(1-$B$3)/100,0)*100,IF(ISNUMBER(C64),ROUND(C64*$B$4/100,0)*100,"")) -> 16500 | H64: 4.65 | I64: 81 | J64: Image | K64: Produit
A65: hygiène bucco-dentaire | B65: Crest Kid's Toothpaste, Sparkle Fun, 4.6 oz., 5 pk. | C65: 6.48 | D65: 21750 | E65: Voir | F65: similaire | G65: =IF(ISNUMBER(D65),ROUND(D65*(1-$B$3)/100,0)*100,IF(ISNUMBER(C65),ROUND(C65*$B$4/100,0)*100,"")) -> 20700 | H65: 4.64 | I65: 893 | J65: Image | K65: Produit
A66: hygiène bucco-dentaire | B66: Crest Pro-Health Advanced Whitening + Intensive Clean Toothpaste, 5.8 oz., 5 pk. | C66: 11.98 | D66: 10000 | E66: Voir | F66: similaire | G66: =IF(ISNUMBER(D66),ROUND(D66*(1-$B$3)/100,0)*100,IF(ISNUMBER(C66),ROUND(C66*$B$4/100,0)*100,"")) -> 9500 | H66: 4.76 | I66: 2584 | J66: Image | K66: Produit
A67: hygiène bucco-dentaire | B67: Crest Pro-Health Advantage Multi-Protection Mouthwash, Smooth Mint, 33.8 fl. oz., 3 pk. | C67: 8.97 | E67: Voir | F67: similaire | G67: =IF(ISNUMBER(D67),ROUND(D67*(1-$B$3)/100,0)*100,IF(ISNUMBER(C67),ROUND(C67*$B$4/100,0)*100,"")) -> 9900 | H67: 4.7 | I67: 5343 | J67: Image | K67: Produit
A68: hygiène bucco-dentaire | B68: Crest Scope Outlast Mouthwash, Fresh Mint, 33.8 fl. oz., 3 pk. | C68: 7.98 | F68: introuvable | G68: =IF(ISNUMBER(D68),ROUND(D68*(1-$B$3)/100,0)*100,IF(ISNUMBER(C68),ROUND(C68*$B$4/100,0)*100,"")) -> 8800 | H68: 4.8 | I68: 402 | J68: Image | K68: Produit
A69: hygiène bucco-dentaire | B69: Listerine Antiseptic Original Mouthwash, 50.7 fl. oz., 2 pk. | C69: 11.88 | D69: 7000 | E69: Voir | F69: similaire | G69: =IF(ISNUMBER(D69),ROUND(D69*(1-$B$3)/100,0)*100,IF(ISNUMBER(C69),ROUND(C69*$B$4/100,0)*100,"")) -> 6700 | H69: 4.8 | I69: 1722 | J69: Image | K69: Produit
A70: hygiène bucco-dentaire | B70: Listerine Cool Mint Antiseptic Mouthwash, 50.7 fl. oz., 2 pk. | C70: 10.98 | D70: 7000 | E70: Voir | F70: similaire | G70: =IF(ISNUMBER(D70),ROUND(D70*(1-$B$3)/100,0)*100,IF(ISNUMBER(C70),ROUND(C70*$B$4/100,0)*100,"")) -> 6700 | H70: 4.8 | I70: 9565 | J70: Image | K70: Produit
A71: hygiène bucco-dentaire | B71: Listerine Cool Mint PocketPaks, 72-Strip Pack, 6 pk. | C71: 21.98 | E71: Voir | F71: similaire | G71: =IF(ISNUMBER(D71),ROUND(D71*(1-$B$3)/100,0)*100,IF(ISNUMBER(C71),ROUND(C71*$B$4/100,0)*100,"")) -> 24200 | H71: 4.7 | I71: 1000 | J71: Image | K71: Produit
A72: hygiène bucco-dentaire | B72: Listerine Gum Therapy Anti-Gingivitis Glacier Mint Mouthwash, 50.72 fl. oz., 2 pk. | C72: 12.48 | D72: 12000 | E72: Voir | F72: similaire | G72: =IF(ISNUMBER(D72),ROUND(D72*(1-$B$3)/100,0)*100,IF(ISNUMBER(C72),ROUND(C72*$B$4/100,0)*100,"")) -> 11400 | H72: 4.47 | I72: 714 | J72: Image | K72: Produit
A73: hygiène bucco-dentaire | B73: Listerine On-The-Go Cool Mint Mouthwash Sachets, Alcohol Free, 45 ct. | C73: 12.46 | F73: introuvable | G73: =IF(ISNUMBER(D73),ROUND(D73*(1-$B$3)/100,0)*100,IF(ISNUMBER(C73),ROUND(C73*$B$4/100,0)*100,"")) -> 13700 | H73: 4.8 | I73: 252 | J73: Image | K73: Produit
A74: hygiène bucco-dentaire | B74: Listerine Total Care Fresh Mint Mouthwash, 33.8 fl. oz., 3 pk. | C74: 16.96 | D74: 12000 | E74: Voir | F74: similaire | G74: =IF(ISNUMBER(D74),ROUND(D74*(1-$B$3)/100,0)*100,IF(ISNUMBER(C74),ROUND(C74*$B$4/100,0)*100,"")) -> 11400 | H74: 4.75 | I74: 3835 | J74: Image | K74: Produit
A75: hygiène bucco-dentaire | B75: Parodontax Active Gum Repair Toothpaste, 3.4 oz., 5 pk. | C75: 22.48 | D75: 26250 | E75: Voir | F75: similaire | G75: =IF(ISNUMBER(D75),ROUND(D75*(1-$B$3)/100,0)*100,IF(ISNUMBER(C75),ROUND(C75*$B$4/100,0)*100,"")) -> 24900 | H75: 4.63 | I75: 683 | J75: Image | K75: Produit
A76: hygiène bucco-dentaire | B76: Sensodyne Pronamel Advanced Whitening Toothpaste, 6.5 oz., 4 pk. | C76: 26.48 | D76: 19000 | E76: Voir | F76: similaire | G76: =IF(ISNUMBER(D76),ROUND(D76*(1-$B$3)/100,0)*100,IF(ISNUMBER(C76),ROUND(C76*$B$4/100,0)*100,"")) -> 18100 | H76: 4.83 | I76: 605 | J76: Image | K76: Produit
A77: hygiène bucco-dentaire | B77: Sensodyne Repair & Protect Toothpaste for Sensitive Teeth, 3.4 oz., 5 pk. | C77: 22.48 | D77: 18750 | E77: Voir | F77: similaire | G77: =IF(ISNUMBER(D77),ROUND(D77*(1-$B$3)/100,0)*100,IF(ISNUMBER(C77),ROUND(C77*$B$4/100,0)*100,"")) -> 17800 | H77: 4.49 | I77: 8332 | J77: Image | K77: Produit
A78: hygiène bucco-dentaire | B78: TheraBreath Icy Mint Mouthwash, 1 L, 2 pk. | C78: 19.98 | D78: 18900 | E78: Voir | F78: similaire | G78: =IF(ISNUMBER(D78),ROUND(D78*(1-$B$3)/100,0)*100,IF(ISNUMBER(C78),ROUND(C78*$B$4/100,0)*100,"")) -> 18000 | H78: 4.61 | I78: 578 | J78: Image | K78: Produit
A79: maquillage | B79: Anastasia Beverly Hills Brow Freeze Gel | C79: 18.56 | F79: introuvable | G79: =IF(ISNUMBER(D79),ROUND(D79*(1-$B$3)/100,0)*100,IF(ISNUMBER(C79),ROUND(C79*$B$4/100,0)*100,"")) -> 20400 | H79: 3.5 | I79: 2 | J79: Image | K79: Produit
A80: maquillage | B80: Dior Addict Lip Glow Hydrating Lip Gloss, Choose Color | C80: 35 | F80: introuvable | G80: =IF(ISNUMBER(D80),ROUND(D80*(1-$B$3)/100,0)*100,IF(ISNUMBER(C80),ROUND(C80*$B$4/100,0)*100,"")) -> 38500 | H80: 3 | I80: 8 | J80: Image | K80: Produit
A81: maquillage | B81: Laura Mercier Real Flawless Luminous Perfecting Pressed Powder, Choose Shade | C81: 26.98 | D81: 20500 | E81: Voir | F81: similaire | G81: =IF(ISNUMBER(D81),ROUND(D81*(1-$B$3)/100,0)*100,IF(ISNUMBER(C81),ROUND(C81*$B$4/100,0)*100,"")) -> 19500 | H81: 1.5 | I81: 2 | J81: Image | K81: Produit
A82: maquillage | B82: NatureWell Hydrating Lip PH Tint, 4 pk. | C82: 19.98 | F82: introuvable | G82: =IF(ISNUMBER(D82),ROUND(D82*(1-$B$3)/100,0)*100,IF(ISNUMBER(C82),ROUND(C82*$B$4/100,0)*100,"")) -> 22000 | H82: 2.83 | I82: 6 | J82: Image | K82: Produit
A83: maquillage | B83: NatureWell Nourishing Tinted Lip Butter, 4 pk. | C83: 19.98 | F83: introuvable | G83: =IF(ISNUMBER(D83),ROUND(D83*(1-$B$3)/100,0)*100,IF(ISNUMBER(C83),ROUND(C83*$B$4/100,0)*100,"")) -> 22000 | H83: 5 | I83: 4 | J83: Image | K83: Produit
A84: maquillage | B84: NatureWell Tinted Lip Butter, 0.50 oz., 4 pk. | C84: 19.94 | F84: introuvable | G84: =IF(ISNUMBER(D84),ROUND(D84*(1-$B$3)/100,0)*100,IF(ISNUMBER(C84),ROUND(C84*$B$4/100,0)*100,"")) -> 21900 | H84: 4.2 | I84: 128 | J84: Image | K84: Produit
A85: maquillage | B85: Q-tips Cotton Swabs, 1750 ct., 3 pk. | C85: 9.34 | F85: introuvable | G85: =IF(ISNUMBER(D85),ROUND(D85*(1-$B$3)/100,0)*100,IF(ISNUMBER(C85),ROUND(C85*$B$4/100,0)*100,"")) -> 10300 | H85: 4.59 | I85: 6923 | J85: Image | K85: Produit
A86: parfums | B86: Azzaro The Most Wanted Parfum, 3.38 fl. oz. | C86: 74.33 | D86: 67000 | E86: Voir | F86: exact | G86: =IF(ISNUMBER(D86),ROUND(D86*(1-$B$3)/100,0)*100,IF(ISNUMBER(C86),ROUND(C86*$B$4/100,0)*100,"")) -> 63700 | H86: 2.86 | I86: 7 | J86: Image | K86: Produit
A87: parfums | B87: Burberry Her Eau de Parfum | C87: 84.78 | D87: 65000 | E87: Voir | F87: similaire | G87: =IF(ISNUMBER(D87),ROUND(D87*(1-$B$3)/100,0)*100,IF(ISNUMBER(C87),ROUND(C87*$B$4/100,0)*100,"")) -> 61800 | H87: 4.8 | I87: 20 | J87: Image | K87: Produit
A88: parfums | B88: Burberry Touch for Men Eau De Toilette, 3.3 fl. oz. | C88: 34.98 | F88: introuvable | G88: =IF(ISNUMBER(D88),ROUND(D88*(1-$B$3)/100,0)*100,IF(ISNUMBER(C88),ROUND(C88*$B$4/100,0)*100,"")) -> 38500 | H88: 4.34 | I88: 108 | J88: Image | K88: Produit
A89: parfums | B89: Calvin Klein CK One Body Spray, 5.4 oz., 3 pk. | C89: 34.98 | F89: introuvable | G89: =IF(ISNUMBER(D89),ROUND(D89*(1-$B$3)/100,0)*100,IF(ISNUMBER(C89),ROUND(C89*$B$4/100,0)*100,"")) -> 38500 | H89: 4.7 | I89: 122 | J89: Image | K89: Produit
A90: parfums | B90: Calvin Klein One Eau De Toilette, 6.7 oz. | C90: 29.84 | D90: 40000 | E90: Voir | F90: similaire | G90: =IF(ISNUMBER(D90),ROUND(D90*(1-$B$3)/100,0)*100,IF(ISNUMBER(C90),ROUND(C90*$B$4/100,0)*100,"")) -> 38000 | H90: 4.58 | I90: 1523 | J90: Image | K90: Produit
A91: parfums | B91: Creed Silver Mountain Water Eau De Parfum | C91: 299 | D91: 85000 | E91: Voir | F91: similaire | G91: =IF(ISNUMBER(D91),ROUND(D91*(1-$B$3)/100,0)*100,IF(ISNUMBER(C91),ROUND(C91*$B$4/100,0)*100,"")) -> 80800 | H91: 5 | I91: 1 | J91: Image | K91: Produit
A92: parfums | B92: Dolce & Gabbana Light Blue for Women Eau de Toilette | C92: 49.77 | D92: 58000 | E92: Voir | F92: similaire | G92: =IF(ISNUMBER(D92),ROUND(D92*(1-$B$3)/100,0)*100,IF(ISNUMBER(C92),ROUND(C92*$B$4/100,0)*100,"")) -> 55100 | H92: 4.7 | I92: 88 | J92: Image | K92: Produit
A93: parfums | B93: Giorgio Armani Acqua di Gio Eau de Toilette | C93: 64.98 | D93: 65000 | E93: Voir | F93: similaire | G93: =IF(ISNUMBER(D93),ROUND(D93*(1-$B$3)/100,0)*100,IF(ISNUMBER(C93),ROUND(C93*$B$4/100,0)*100,"")) -> 61800 | H93: 4.65 | I93: 204 | J93: Image | K93: Produit
A94: parfums | B94: Gucci Bloom Eau de Parfum | C94: 96.62 | D94: 40000 | E94: Voir | F94: similaire | G94: =IF(ISNUMBER(D94),ROUND(D94*(1-$B$3)/100,0)*100,IF(ISNUMBER(C94),ROUND(C94*$B$4/100,0)*100,"")) -> 38000 | H94: 4.6 | I94: 9 | J94: Image | K94: Produit
A95: parfums | B95: Gucci Flora Gorgeous Gardenia Eau de Parfum | C95: 129 | D95: 42000 | E95: Voir | F95: similaire | G95: =IF(ISNUMBER(D95),ROUND(D95*(1-$B$3)/100,0)*100,IF(ISNUMBER(C95),ROUND(C95*$B$4/100,0)*100,"")) -> 39900 | H95: 4.6 | I95: 26 | J95: Image | K95: Produit
A96: parfums | B96: Marc Jacobs Daisy Eau So Fresh Eau de Toilette, 4.2 fl. oz. | C96: 79.54 | F96: introuvable | G96: =IF(ISNUMBER(D96),ROUND(D96*(1-$B$3)/100,0)*100,IF(ISNUMBER(C96),ROUND(C96*$B$4/100,0)*100,"")) -> 87500 | H96: 4.7 | I96: 65 | J96: Image | K96: Produit
A97: parfums | B97: Parfums de Marly Layton Eau de Parfum, 125 ml | C97: 219.98 | D97: 170000 | E97: Voir | F97: exact | G97: =IF(ISNUMBER(D97),ROUND(D97*(1-$B$3)/100,0)*100,IF(ISNUMBER(C97),ROUND(C97*$B$4/100,0)*100,"")) -> 161500 | H97: 4.5 | I97: 4 | J97: Image | K97: Produit
A98: parfums | B98: Prada Paradoxe Ladies Eau de Parfum | C98: 89.78 | D98: 84000 | E98: Voir | F98: similaire | G98: =IF(ISNUMBER(D98),ROUND(D98*(1-$B$3)/100,0)*100,IF(ISNUMBER(C98),ROUND(C98*$B$4/100,0)*100,"")) -> 79800 | H98: 4.6 | I98: 26 | J98: Image | K98: Produit
A99: parfums | B99: Tom Ford Lost Cherry Eau de Parfum | C99: 248.62 | D99: 236000 | E99: Voir | F99: similaire | G99: =IF(ISNUMBER(D99),ROUND(D99*(1-$B$3)/100,0)*100,IF(ISNUMBER(C99),ROUND(C99*$B$4/100,0)*100,"")) -> 224200 | H99: 5 | I99: 8 | J99: Image | K99: Produit
A100: parfums | B100: Tom Ford Ombre Leather Eau de Parfum, 3.4 fl. oz. | C100: 169 | D100: 145000 | E100: Voir | F100: exact | G100: =IF(ISNUMBER(D100),ROUND(D100*(1-$B$3)/100,0)*100,IF(ISNUMBER(C100),ROUND(C100*$B$4/100,0)*100,"")) -> 137800 | H100: 4.79 | I100: 24 | J100: Image | K100: Produit
A101: parfums | B101: Versace Bright Crystal Absolu Eau de Parfum Spray, 3.0 fl. oz. | C101: 69.98 | D101: 64000 | E101: Voir | F101: similaire | G101: =IF(ISNUMBER(D101),ROUND(D101*(1-$B$3)/100,0)*100,IF(ISNUMBER(C101),ROUND(C101*$B$4/100,0)*100,"")) -> 60800 | H101: 4.9 | I101: 32 | J101: Image | K101: Produit
...

Sheet Synthèse
A1: Synthèse
A3: Produits total | B3: =COUNTA(Produits!B7:B165) -> 159
A4: Avec prix Dakar (bench) | B4: =COUNT(Produits!D7:D165) -> 71
A5: Match exact | B5: =COUNTIF(Produits!F:F,"exact") -> 5
A6: Match similaire | B6: =COUNTIF(Produits!F:F,"similaire") -> 72
A7: Introuvables à Dakar | B7: =COUNTIF(Produits!F:F,"introuvable") -> 82
